﻿{"LoginName":"QY301030014","LoginPassword":"123456","LoginUrl":"http://218.76.140.242:12369/wryzxjc/login.do","DataUrl":"http://218.76.140.242:12369/wryzxjc/pages/zxjc/ssjk/sssjview/TZxjcWryLssjListNew.jsp","QYHBFZRUrl":"http://218.76.140.242:12369/wryzxjc//pages/zxjc/wry/jbxx/TZxjcWryJbxxList.jsp","Title":"华润雪花啤酒（中国）有限公司娄底分公司 -- 环保信息公示","EquipmentPWKBH":"FS-002","EquipmentJCDXH":"4313000000251W","LastReadTime":"2020-01-15T21:15:00","QYHBFZR":"刘红波","QYHBFZRMobile":"13973888674","DetectionInfoItems":[{"Name":"COD","SumOfYear":77.5,"Value":255.8461,"Maximum":80,"Minimum":0,"Unit":"mg/L"},{"Name":"pH","SumOfYear":0.0,"Value":8.6197,"Maximum":9,"Minimum":6,"Unit":"无"},{"Name":"氨氮","SumOfYear":15.0,"Value":17.3574,"Maximum":15,"Minimum":0,"Unit":"mg/L"},{"Name":"总氮","SumOfYear":0.0,"Value":31.7436,"Maximum":20,"Minimum":0,"Unit":"mg/L"},{"Name":"总磷","SumOfYear":0.0,"Value":2.285,"Maximum":3,"Minimum":0,"Unit":"mg/L"}],"SSLL":0.16,"ZZJCYYFZR":"测试名","ZZJCYYFZRMobile":"12344356754","pollingIntervalSec":11,"IsAutoRun":false}