﻿{"LoginName":"QY301030014","LoginPassword":"123456","LoginUrl":"http://218.76.140.242:12369/wryzxjc/login.do","DataUrl":"http://218.76.140.242:12369/wryzxjc/pages/zxjc/ssjk/sssjview/TZxjcWryLssjListNew.jsp","Title":"华润雪花啤酒（中国）有限公司娄底分公司 -- 环保信息公示","EquipmentPWKBH":"DW001","EquipmentJCDXH":"4313000000251W","LastReadTime":"2020-01-17T15:05:00","QYHBFZR":"刘红波","QYHBFZRMobile":"18073857008","DetectionInfoItems":[{"Name":"COD","SumOfYear":45.0,"Value":391.7488,"ValueOfForgery":1.0,"Maximum":500,"Minimum":0,"Unit":"mg/L","Status":"运行"},{"Name":"pH","SumOfYear":0.0,"Value":8.7308,"ValueOfForgery":2.0,"Maximum":9,"Minimum":6,"Unit":"/","Status":"运行"},{"Name":"氨氮","SumOfYear":6.4,"Value":30.743,"ValueOfForgery":3.0,"Maximum":15,"Minimum":0,"Unit":"mg/L","Status":"运行"},{"Name":"总氮","SumOfYear":0.0,"Value":36.4226,"ValueOfForgery":4.0,"Maximum":20,"Minimum":0,"Unit":"mg/L","Status":"运行"},{"Name":"总磷","SumOfYear":0.0,"Value":3.5386,"ValueOfForgery":5.0,"Maximum":3,"Minimum":0,"Unit":"mg/L","Status":"运行"}],"SSLL":0.22,"SSLLfForgery":2.345,"ZXJCYYWHDW":"力合科技(湖南)股份有限公司","ZZJCYYFZR":"曾友苗","ZZJCYYFZRMobile":"13875916741","pollingIntervalSec":11,"ShowSec":5,"ShowImageItems":[],"IsAutoRun":false,"IsForgery":false}